{
    "textures": {
        "texture": "cocoon_dnb:gui/brew_arrow"
    },
    "gui_light": "front",
    "elements": [
        {
            "from": [
                0,
                20,
                1
            ],
            "to": [
                32,
                32,
                1
            ],
            "faces": {
                "south": {
                    "uv": [
                        0,
                        0,
                        16,
                        6.0
                    ],
                    "texture": "#texture"
                }
            }
        }
    ],
    "display": {
        "gui": {
            "rotation": [
                0,
                0,
                0
            ],
            "translation": [
                -8,
                -11,
                0
            ],
            "scale": [
                1,
                1,
                1
            ]
        },
        "ground": {
            "scale": [
                0,
                0,
                0
            ]
        }
    }
}