{
	"credit": "Made with Blockbench",
	"textures": {
		"0": "cocoon_dnb:block/brewery",
		"particle": "cocoon_dnb:block/brewery"
	},
	"elements": [
		
		{
			"from": [4, 19, 4],
			"to": [12, 32, 12],
			"faces": {
				"north": {"uv": [0, 0, 2, 3.5], "texture": "#0"},
				"east": {"uv": [6, 0, 8, 3.5], "texture": "#0"},
				"south": {"uv": [2, 0, 4, 3.5], "texture": "#0"},
				"west": {"uv": [4, 0, 6, 3.5], "texture": "#0"},
				"up": {"uv": [8, 0, 10, 2], "texture": "#0"}
			}
		},
		{
			"from": [1, 18, 1],
			"to": [15, 19, 15],
			"faces": {
				"north": {"uv": [0, 7, 3.75, 7.25], "texture": "#0"},
				"east": {"uv": [0, 7, 3.75, 7.25], "texture": "#0"},
				"south": {"uv": [0, 7, 3.75, 7.25], "texture": "#0"},
				"west": {"uv": [0, 7, 3.75, 7.25], "texture": "#0"},
				"up": {"uv": [0, 3.5, 3.75, 7.25], "texture": "#0"}
			}
		},
		{
			"from": [-0.02, -0.02, -0.02],
			"to": [16.02, 18, 16.02],
			"faces": {
				"north": {"uv": [0, 7.5, 4, 12], "texture": "#0"},
				"east": {"uv": [12, 7.5, 16, 12], "texture": "#0"},
				"south": {"uv": [8, 7.5, 12, 12], "texture": "#0"},
				"west": {"uv": [4, 7.5, 8, 12], "texture": "#0"},
				"up": {"uv": [0, 12, 4, 16], "texture": "#0"},
				"down": {"uv": [4, 12, 8, 16], "texture": "#0"}
			}
		},
		{
			"from": [4, 4, -2],
			"to": [12, 12, -2],
			"faces": {
				"north": {"uv": [8, 12, 10, 14], "texture": "#0"},
				"south": {"uv": [8, 12, 10, 14], "texture": "#0"}
			}
		},
		{
			"from": [7, 7, -2],
			"to": [9, 9, -1],
			"faces": {
				"east": {"uv": [8.75, 12.75, 9, 13.25], "texture": "#0"},
				"west": {"uv": [9, 12.75, 9.25, 13.25], "texture": "#0"},
				"up": {"uv": [8.75, 12.75, 9.25, 13], "texture": "#0"},
				"down": {"uv": [8.75, 13, 9.25, 13.25], "texture": "#0"}
			}
		},
		{
			"from": [2, 3, -1],
			"to": [14, 13, 0],
			"faces": {
				"north": {"uv": [0.5, 8.75, 3.5, 11.25], "texture": "#0"},
				"east": {"uv": [0.5, 8.75, 0.75, 11.25], "texture": "#0"},
				"west": {"uv": [3.25, 8.75, 3.5, 11.25], "texture": "#0"},
				"up": {"uv": [0.5, 8.75, 3.5, 9], "texture": "#0"},
				"down": {"uv": [0.5, 11, 3.5, 11.25], "texture": "#0"}
			}
		}
	],
	"display": {
		"fixed": {
			"rotation": [ -90, 0, 0 ],
			"translation": [ 0, 0, 16 ],
			"scale": [ 2, 2, 2 ]
		},
		"gui": {
			"rotation": [ 30, 225, 0 ],
			"translation": [ 0, 0, 0 ],
			"scale": [ 0.65, 0.65, 0.65 ]
		},
		"thirdperson_righthand": {
			"rotation": [ 85, 45, 0 ],
			"translation": [ 0, 0, 0 ],
			"scale": [ 0.38, 0.38, 0.38 ]
		},
		"firstperson_righthand": {
			"rotation": [ 0, 45, 0 ],
			"translation": [ 0, 0, 0 ],
			"scale": [ 0.38, 0.38, 0.38 ]
		},
		"ground": {
			"rotation": [ 0, 0, 0 ],
			"translation": [ 0, 2, 0 ],
			"scale": [ 0.26, 0.26, 0.26 ]
		}
	}
}