{
    "parent": "item/generated",
    "textures": {
        "layer0": "block/gray_stained_glass"
    },
    
    "overrides": [
            {"predicate": {"custom_model_data":7450100}, "model": "cocoon_dnb:gui/disabled_slot"},
			{"predicate": {"custom_model_data":7450101}, "model": "cocoon_dnb:gui/brewery"},
			{"predicate": {"custom_model_data":7450102}, "model": "cocoon_dnb:gui/bubble/bubble_1"},
			{"predicate": {"custom_model_data":7450103}, "model": "cocoon_dnb:gui/bubble/bubble_2"},
			{"predicate": {"custom_model_data":7450104}, "model": "cocoon_dnb:gui/bubble/bubble_3"},
			{"predicate": {"custom_model_data":7450105}, "model": "cocoon_dnb:gui/bubble/bubble_4"},
			{"predicate": {"custom_model_data":7450106}, "model": "cocoon_dnb:gui/bubble/bubble_5"},
			{"predicate": {"custom_model_data":7450107}, "model": "cocoon_dnb:gui/bubble/bubble_6"},
			{"predicate": {"custom_model_data":7450108}, "model": "cocoon_dnb:gui/bubble/bubble_7"},
			{"predicate": {"custom_model_data":7450109}, "model": "cocoon_dnb:gui/bubble/bubble_8"},
			{"predicate": {"custom_model_data":7450110}, "model": "cocoon_dnb:gui/bubble/bubble_9"},
			{"predicate": {"custom_model_data":7450111}, "model": "cocoon_dnb:gui/bubble/bubble_10"},
			{"predicate": {"custom_model_data":7450112}, "model": "cocoon_dnb:gui/bubble/bubble_11"},
			{"predicate": {"custom_model_data":7450113}, "model": "cocoon_dnb:gui/bubble/bubble_12"},
			{"predicate": {"custom_model_data":7450114}, "model": "cocoon_dnb:gui/bubble/bubble_13"},
			{"predicate": {"custom_model_data":7450115}, "model": "cocoon_dnb:gui/bubble/bubble_14"},
			{"predicate": {"custom_model_data":7450116}, "model": "cocoon_dnb:gui/bubble/bubble_15"},
			{"predicate": {"custom_model_data":7450117}, "model": "cocoon_dnb:gui/bubble/bubble_16"},
			{"predicate": {"custom_model_data":7450118}, "model": "cocoon_dnb:gui/bubble/bubble_17"},
			{"predicate": {"custom_model_data":7450119}, "model": "cocoon_dnb:gui/bubble/bubble_18"},
			{"predicate": {"custom_model_data":7450120}, "model": "cocoon_dnb:gui/bubble/bubble_19"},
			{"predicate": {"custom_model_data":7450121}, "model": "cocoon_dnb:gui/bubble/bubble_20"},
			{"predicate": {"custom_model_data":7450122}, "model": "cocoon_dnb:gui/bubble/bubble_21"},
			{"predicate": {"custom_model_data":7450123}, "model": "cocoon_dnb:gui/arrow/arrow_1"},
			{"predicate": {"custom_model_data":7450124}, "model": "cocoon_dnb:gui/arrow/arrow_2"},
			{"predicate": {"custom_model_data":7450125}, "model": "cocoon_dnb:gui/arrow/arrow_3"},
			{"predicate": {"custom_model_data":7450126}, "model": "cocoon_dnb:gui/arrow/arrow_4"},
			{"predicate": {"custom_model_data":7450127}, "model": "cocoon_dnb:gui/arrow/arrow_5"},
			{"predicate": {"custom_model_data":7450128}, "model": "cocoon_dnb:gui/arrow/arrow_6"},
			{"predicate": {"custom_model_data":7450129}, "model": "cocoon_dnb:gui/arrow/arrow_7"},
			{"predicate": {"custom_model_data":7450130}, "model": "cocoon_dnb:gui/arrow/arrow_8"},
			{"predicate": {"custom_model_data":7450131}, "model": "cocoon_dnb:gui/arrow/arrow_9"},
			{"predicate": {"custom_model_data":7450132}, "model": "cocoon_dnb:gui/arrow/arrow_10"},
			{"predicate": {"custom_model_data":7450133}, "model": "cocoon_dnb:gui/arrow/arrow_11"},
			{"predicate": {"custom_model_data":7450134}, "model": "cocoon_dnb:gui/arrow/arrow_12"},
			{"predicate": {"custom_model_data":7450135}, "model": "cocoon_dnb:gui/arrow/arrow_13"},
			{"predicate": {"custom_model_data":7450136}, "model": "cocoon_dnb:gui/arrow/arrow_14"},
			{"predicate": {"custom_model_data":7450137}, "model": "cocoon_dnb:gui/arrow/arrow_15"},
			{"predicate": {"custom_model_data":7450138}, "model": "cocoon_dnb:gui/arrow/arrow_16"},
			{"predicate": {"custom_model_data":7450139}, "model": "cocoon_dnb:gui/arrow/arrow_17"},
			{"predicate": {"custom_model_data":7450140}, "model": "cocoon_dnb:gui/arrow/arrow_18"},
			{"predicate": {"custom_model_data":7450141}, "model": "cocoon_dnb:gui/arrow/arrow_19"},
			{"predicate": {"custom_model_data":7450142}, "model": "cocoon_dnb:gui/arrow/arrow_20"},
			{"predicate": {"custom_model_data":7450143}, "model": "cocoon_dnb:gui/arrow/arrow_21"}
        ]
}
