{
    "parent": "item/generated",
    "textures": {
        "layer0": "item/potion_overlay",
        "layer1": "item/potion"
    },
    
    "overrides": [
            {"predicate": {"custom_model_data":7450100}, "model": "cocoon_dnb:item/beer"},
			{"predicate": {"custom_model_data":7450101}, "model": "cocoon_dnb:item/vodka"},
			{"predicate": {"custom_model_data":7450102}, "model": "cocoon_dnb:item/rum"},
			{"predicate": {"custom_model_data":7450103}, "model": "cocoon_dnb:item/gin"},
			{"predicate": {"custom_model_data":7450104}, "model": "cocoon_dnb:item/cider"}
        ]
}
